Code,Expansion
ABAD,Abiotrophia adiacens
ABCO,Absidia corymbifera
ABDE,Abiotrophia defectiva
ACAC,Aggregatibacter actinomycetemcomitans
ACANTH,Acanthamoeba sp.
ACBA,Acinetobacter baumannii
ACBA2,Acinetobacter baumannii (2)
ACBAC,Acinetobacter baumannii (CARB+)
ACBO,Actinomyces bovis
ACCALC,Acinetobacter calcoaceticus
ACCAPS,Actinobacillus capsulatus
ACDE,Actinomyces denticolens
ACDENT,Achromobacter denitrificans
ACEQ,Actinobacillus equuli
ACEU,Actinomyces europaeus
ACFE,Acidaminococcus fermentans
ACFU,Actinomyces funkei
ACGU,Acinetobacter guillouiae
ACHA,Acinetobacter haemolyticus
ACHORD,Actinomyces hordeovulneris
ACHOWE,Actinomyces howellii
ACHRO,Achromobacter sp.
ACHU,Actinomyces humiferus
ACIN2C,Acinetobacter sp. (2) (CARB+)
ACINE,Acinetobacter sp
ACINE2,Acinetobacter sp. (2)
ACINEC,Acinetobacter sp. (CARB+)
ACINEE,Acinetobacter sp (ESBL+)
ACIS,Actinomyces israelii
ACJO,Acinetobacter johnsonii
ACJOE,Acinetobacter johnsonii (ESBL+)
ACJU,Acinetobacter junii
ACJUE,Acinetobacter junii (ESBL+)
ACLI,Actinobacillus lignieresii
ACLW,Acinetobacter lwoffii
ACLY,Achromobacter lyticus
ACMA,Actinomadura madurae
ACME,Actinomyces meyeri
ACNA,Actinomyces naeslundii
ACNE,Actinomyces neuii
ACOD,Actinomyces odontolyticus
ACOR,Actinomyces oris
ACPE,Actinomadura pelletieri
ACPI,Actinobacillus piliformis
ACPI2C,Acinetobacter pittii (2) (CARB+)
ACPIT,Acinetobacter pittii
ACPITC,Acinetobacter pittii (CARB+)
Listing of,odes for 'Organisms'
Code,ion
ACPR,Actinomyces propionicus
ACPU,Actinomadura pusilla
ACPY,Actinomyces pyogenes
ACRA,Acinetobacter radioresistens
ACRAD,Actinomyces radingae
ACREM,Acremonium sp.
ACSC,Actinotignum schaalii
ACSE,Actinobacillus seminis
ACSH,Actinobaculum schaalii
ACSL,Actinomyces slackii
ACSU,Actinobacillus suis
ACSUIS,Actinomyces suis
ACTE,Actinoplanes teichomyceticus
ACTIB,Actinobacillus sp
ACTID,Actinomadura sp.
ACTIG,Actinotignum sp
ACTIM,Actinomyces sp.
ACTIP,Actinoplanes sp.
ACTO,Acinetobacter towneri
ACTU,Actinomyces turicensis
ACTUM,Actinobaculum sp
ACUR,Actinobacillus ureae
ACURO,Actinomyces urogenitalis
ACURS,Acinetobacter ursingii
ACURSC,Acinetobacter ursingii (CPE+)
ACURSE,Acinetobacter ursingii (ESBL+)
ACVI,Actinomyces viscosus
ACXY,Achromobacter xylosoxidans
ACXY2,Achromobacter xylosoxidans (2)
ADENO,Adenovirus 40/41
AEBA,Aerobic bacteria
AECA,Aeromonas caviae
AEHC,Aeromonas hydrophila/caviae 2
AEHY,Aeromonas hydrophila
AEME,Aeromonas media
AEPR,Aeromonas proteolytica
AEROC,Aerococcus sp.
AEROM,Aeromonas sp.
AEROM2,Aeromonas sp. (2)
AESA,Aeromonas salmonicida
AESO,Aeromonas sobria
AEUR,Aerococcus urinae
AEVE,Aeromonas veronii
AEVI,Aerococcus viridans
AEVI2,Aerococcus viridans #2
AFB,Acid Fast Bacillus
AGGAP,Aggregatibacter aphrophilus
AGGRE,Aggregatibacter sp
Listing of,odes for 'Organisms'
Code,ion
AGGSE,Aggregatibacter segnis
AGNB,Anaerobic Gram Negative Bacillus
AGNB2,Anaerobic Gram Negative Bacillus (2)
AGNC,Anaerobic gram negative coccus
AGPB,Anaerobic Gram Positive Bacillus
AGPB2,Anaerobic Gram Positive Bacillus (2)
AGPC,Anaerobic Gram Positive Coccus
AGPC2,Anaerobic Gram Positive Coccus (2)
AGRA,Agrobacterium radiobacter
AGRH,Agrobacterium rhizogenes
AGROB,Agrobacterium sp.
AGROM,Agromyces sp.
AGRU,Agrobacterium rubi
AGTU,Agrobacterium tumefaciens
AHS,Alpha haemolytic streptococcus
AHS2,Alpha haemolytic streptococcus (2)
AHS3,Alpha haemolytic streptococcus (3)
ALAL,Alternaria alternata
ALCAL,Alcaligenes sp.
ALDE,Alcaligenes denitrificans
ALFA,Alcaligenes faecalis
ALOM,Alloscardovia omnicolens
ALOT,Alloiococcus otitis
ALPI,Alcaligenes piechaudii
ALTER,Alteromonas sp.
ALXY,Alcaligenes xylosoxidans
ALXY2,Alcaligenes xylosoxidans (2)
AMPUL,Ampullariella sp.
AMYCO,Amycolatopsis sp.
ANAER,Anaerobiospirillum sp.
ANAERV,Anaerovibrio sp.
ANAN,Aneurinibacillus aneurinilyticus
ANBA,Anaerobic bacteria
ANMU,Anaerococcus murdochii
ANOC,Anaerococcus octavius
ANS,Anaerobic streptococcus
ANSU,Anaerobiospirillum succiniciproducens
ANVA,Anaerococcus vaginalis
ARACH,Arachnia sp.
ARCAN,Arcanobacterium sp.
ARCU,Arthrobacter cumminsii
ARHA,Arcanobacterium haemolyticum
ARPR,Arachnia propionica
ARTHR,Arthrobacter sp.
ARTHRI,Arthrinium sp.
ASCA,Aspergillus candidus
ASCL,Aspergillus clavatus
ASFL,Aspergillus flavus
Listing of,odes for 'Organisms'
Code,ion
ASFLES,Aspergillus flavipes
ASFU,Aspergillus fumigatus
ASGL,Aspergillus glaucus
ASNI,Aspergillus niger
ASNID,Aspergillus nidulans
ASOC,Aspergillus ochraceus
ASPA,Aspergillus parasiticus
ASPER,Aspergillus sp.
ASTE,Aspergillus terreus
ASUS,Aspergillus ustus
ASVE,Aspergillus versicolor
ATMI,Atopobium minutum
ATPA,Atopobium parvulum
ATVA,Atopobium vaginae
AUPU,Aureobasidium pullulans
AUREO,Aureobacterium sp.
BAAC,Bacillus acidocaldarius
BAALCA,Bacillus alcalophilus
BAALKA,Bacillus alkalescens
BAALVE,Bacillus alvei
BAAM,Bacteroides amylophilus
BAAN,Bacillus anthracis
BAAS,Bacteroides asaccharolyticus
BABA,Bartonella bacilliformis
BABI,Bacteroides bivius
BABR,Bacillus brevis
BABUAE,Prevotella buccae
BABUIS,Prevotella buccalis
BACAAE,Bacteroides caccae
BACAUS,Bacteroides capillosus
BACE,Bacillus cereus
BACI,Bacillus circulans
BACIL,Bacillus sp.
BACIL2,Bacillus sp. (2)
BACIL3,Bacillus sp. (3)
BACIN,Bacillus infantis
BACOAG,Bacillus coagulans
BACOIS,Prevotella corporis
BACONS,Bacteroides coagulans
BACTE,Bacteroides sp.
BACTE2,Bacteroides sp (2)
BADE,Bacteroides denticola
BADI,Bacillus dispar
BADIIS,Bacteroides distasonis
BADINS,Bacteroides disiens
BAEG,Bacteroides eggerthii
BAEN,&POEN
BAFA,Bacillus fastidiosus
Listing of,odes for 'Organisms'
Code,ion
BAFAE,Bacteroides faecis
BAFI,Bacillus firmus
BAFORD,Bacillus fordii
BAFR,Bacteroides fragilis
BAFU,Bacteroides furcosus
BAGI,Bacteroides gingivalis
BAGR,Bacteroides gracilis
BAHE,Bacteroides heparinolyticus
BAHY,Bacteroides hypermegas
BAIN,Bacteroides intermedius
BALARV,Bacillus larvae
BALATE,Bacillus laterosprorus
BALE,Bacteroides levii
BALEMO,Bacillus lentimorbus
BALENT,Bacillus lentus
BALI,Bacillus licheniformis
BALO,Bacteroides loescheii
BAMACA,Bacteroides macacae
BAMACE,Bacillus macerans
BAMEGA,Bacillus megaterium
BAMELA,Bacteroides melaninogenicus
BAMERD,Bacteroides merdae
BAMI,Bacteroides microfusus
BAMU,Bacteroides multiacidus
BAMY,Bacillus mycoides
BANO,Bacteroides nodosus
BAORAL,Bacteroides oralis
BAORIS,Bacteroides oris
BAOU,Bacteroides oulorum
BAOV,Bacteroides ovatus
BAPANT,Bacillus pantothenicus
BAPAST,Bacillus pasteurii
BAPN,Dialister pneumosintes
BAPOLY,Bacillus polymyxa
BAPOPI,Bacillus popilliae
BAPR,Bacteroides preacutus
BAPSEU,Bacillus pseudofirmus
BAPU,Bacillus pumilus
BAPUMI,Bacillus pumilis
BAPUTR,Bacteroides putredinis
BARTO,Bartonella sp.
BARU,Bacteroides ruminicola
BASI,Bacillus simplex
BASPHA,Bacillus sphaericus
BASPLA,Bacteroides splanchnicus
BASTEA,Bacillus stearothermophilus
BASTER,Bacteroides stercoris
BASUBT,Bacillus subtilis
Listing of,odes for 'Organisms'
Code,ion
BASUCC,Bacteroides succinogenes
BATE,Bacteroides termitidis
BATHET,Bacteroides thetaiotaomicron
BATHUR,Bacillus thuringiensis
BAUN,Bacteroides uniformis
BAUR,Bacteroides ureolyticus
BAVA,Bacteroides variabilis
BAVE,Bacteroides veroralis
BAVU,Bacteroides vulgatus
BAZO,Bacteroides zoogleoformans
BEBA,Beauveria bassiana
BENEC,Beneckia sp.
BEZO,Bergeyella zoohelcum
BFRGP,Bacteroides fragilis group
BHS,Beta haemolytic streptococcus
BIBI,Bifidobacterium bifidum
BIBR,Bifidobacterium breve
BIDE,Bifidobacterium dentium
BIFID,Bifidobacterium sp.
BIHA,Bipolaris hawaiiensis
BIIN,Bifidobacterium infantis
BILO,Bifidobacterium longum
BLAST,Blastomyces sp.
BOAN,Borrelia anserina
BOAR,Borrelia armenica
BOAV,Bordetella avium
BOBRAS,Borrelia brasiliensis
BOBRON,Bordetella bronchiseptica
BOBU,Borrelia burgdorferi
BOCA,Borrelia caucasica
BOCO,Borrelia coriaceae
BOCR,Borrelia crocidurae
BODUGE,Borrelia dugesii
BODUTT,Borrelia duttonii
BOGR,Borrelia graingeri
BOHA,Borrelia harveyii
BOHE,Borrelia hermsii
BOHI,Borrelia hispanica
BOHY,Borrelia hyodysenteriae
BOLA,Borrelia latyschewii
BOMA,Borrelia mazzottii
BOMI,Borrelia microti
BOPARA,Bordetella parapertussis
BOPARK,Borrelia parkeri
BOPE,Bordetella petrii
BOPERS,Borrelia persica
BOPERT,Bordetella pertussis
BOQU,Borrelia queenslandica
Listing of,odes for 'Organisms'
Code,ion
BORDE,Bordetella sp.
BORE,Borrelia recurrentis
BORRE,Borrelia sp.
BORTR,Bordetella trematum
BOSU,Borrelia suilla
BOTH,Borrelia theileri
BOTI,Borrelia tillae
BOTU,Borrelia turicatae
BOVE,Borrelia venezuelensis
BRAB,Brucella abortus
BRAG,Brevibacillus agri
BRANH,Branhamella sp.
BRANOV,Branhamella ovis
BRCATA,Branhamella catarrhalis
BRCAVI,Branhamella caviae
BRCE,Brevibacterium celere
BRDI,Brevundimonas diminuta
BRECA,Brevibacterium casei
BREVI,Brevibacterium sp.
BREVU,Brevundimonas sp.
BREVU2,Brevundimonas sp. #2
BREVUS,Brevibacillus sp
BRLA,Brevibacillus laterosporus
BRME,Brucella melitensis
BRNE,Brucella neotomae
BRPA,Brevibacterium paucivorans
BRRA,Brucella rangiferi tarandi
BRRAV,Brevibacterium ravenspurgense
BRSU,Brucella suis
BRUCE,Brucella sp.
BRUCOV,Brucella ovis
BRVE,Brevundimonas vesicularis
BUAG,Buttiauxella agrestis
BUCC3A,Burkholderia cenocepacia (gen. IIIA)
BUCC3B,Burkholderia cenocepacia (gen. IIIB)
BUCE1,Burkholderia cepacia (gen I)
BUCECE,Burkholderia cenocepacia
BUDO,Burkholderia dolosa (genomovar VI)
BUGA,Buttiauxella gaviniae
BUGL,Burkholderia gladioli
BUGL2,Burkholderia gladioli (2)
BULA,Burkholderia lata
BUMU,Burkholderia multivorans
BUMU2,Burkholderia multivorans (II)
BURK,Burkholderia sp.
BURK2,Burkholderia sp (2)
BUTYR,Butyrivibrio sp.
BUVI,Burkholderia vietnamiensis genomovar V
Listing of,odes for 'Organisms'
Code,ion
CAAL,Candida albicans
CAAL2,Candida albicans #2
CAAU,Candida auris
CABR,Candida bracarensis
CACA,Capnocytophaga canimorsus
CACI,Campylobacter cinaedi
CACO,Candida colliculosa
CACOLI,Campylobacter coli
CACONC,Campylobacter concisus
CACR,Campylobacter cryaerophila
CACY,Capnocytophaga cynodegmi
CADU,Candida dubliniensis
CAFA,Candida famata
CAFE,Campylobacter fetus
CAFENN,Campylobacter fennelliae
CAGI,Capnocytophaga gingivalis
CAGL,Candida glabrata
CAGL2,Candida glabrata #2
CAGLOB,Candida globosa
CAGU,Candida guilliermondii
CAHA,Candida haemulonii
CAHO,Cardiobacterium hominis
CAHOLM,Candida holmii
CAHU,Candida humicola
CAHY,Campylobacter hyointestinalis
CAIN,Candida inconspicua
CAINT,Candida intermedia
CAJE,Campylobacter jejuni
CAKE,Candida kefyr
CAKR,Candida krusei
CALA,Campylobacter laridis
CALAR,Campylobacter lari
CALI,Candida lipolytica
CALU,Candida lusitaniae
CAMA,Candida magnoliae
CAME,Candida metapsilosis
CAMEMB,Candida membranifaciens
CAMPY,Campylobacter sp.
CAMPY2,Campylobacter sp. (2)
CAMU,Campylobacter mucosalis
CANDI,Candida sp.
CANDI2,Candida sp 2
CANI,Campylobacter nitrofigilis
CANIV,Candida nivariensis
CAOR,Capnocytophaga ochracea
CAORT,Candida orthopsilosis
CAPA,Candida parapsilosis
CAPA2,Candida parapsilosis (2)
Listing of,odes for 'Organisms'
Code,ion
CAPE,Candida pelliculosa
CAPNO,Capnocytophaga sp.
CAPRU,Candida pararugosa
CAPS,Candida pseudotropicalis
CAPU,Candida pulcherrima
CARU,Candida rugosa
CARVA,Cardiobacterium valvarum
CASA,Candida sake
CASP,Campylobacter sputorum
CASPHA,Candida sphaerica
CASPUT,Capnocytophaga sputigena
CAST,Candida stellatoidea
CATR,Candida tropicalis
CATR2,Candida tropicalis (2)
CAUL,Caulobacter sp.
CAUP,Campylobacter upsaliensis
CAUR,Campylobacter ureolyticus
CAUT,Candida utilis
CAVA,Candida valida
CAZE,Candida zeylanoides
CECE,Cellulosimicrobium cellulans
CEDA,Cedecea davisae
CEDEC,Cedecea sp.
CELA,Cedecea lapagei
CELLU,Cellulomonas sp.
CENE,Cedecea neteri
CHAET,Chaetomium sp.
CHBME,Elizabethkingia meningoseptica
CHGL,Chryseobacterium gleum
CHIN,Chryseobacterium indologenes
CHINE,Chryseobacterium indologenes (ESBL+)
CHKE,Chrysosporium keratinophilum
CHLU,Pseudomonas luteola
CHME,Chryseomonas meningosepticum
CHPO,Chryseomonas polytricha
CHROM,Chromobacterium sp.
CHRYB,Chryseobacterium sp.
CHRYS,Chryseomonas sp.
CHVI,Chromobacterium violaceum
CIAM,Citrobacter amalonaticus
CIAMC,Citrobacter amalonaticus (CARB+)
CIBR,Citrobacter braakii
CIBR2,Citrobacter braakii (2)
CIBRE,Citrobacter braakii (ESBL+)
CIDI,Citrobacter diversus
CIDIE,Citrobacter diversus (ESBL+)
CIFA,Citrobacter farmeri
CIFE2,Citrobacter freundii (2)(ESBL+)
Listing of,odes for 'Organisms'
Code,ion
CIFR,Citrobacter freundii
CIFR2,Citrobacter freundii (2)
CIFRC,Citrobacter freundii (CARB+)
CIFRE,Citrobacter freundii (ESBL+)
CIKO,Citrobacter koseri
CIKO2,Citrobacter koseri #2
CITRE2,Citrobacter sp. (2)(ESBL+)
CITRO,Citrobacter sp.
CITRO2,Citrobacter sp. (2)
CITROC,Citrobacter sp (CARB+)
CITROE,Citrobacter sp. (ESBL+)
CIYO,Citrobacter youngae
CIYOE,Citrobacter youngae (ESBL+)
CLAC,Clostridium acetobutylicum
CLADO,Cladosporum sp.
CLAL,Clostridium aldenense
CLBA,Clostridium baratii
CLBI,Clostridium bifermentans
CLBO,Clostridium botulinum
CLBU,Clostridium butyricum
CLCADA,Clostridium cadaveris
CLCARN,Clostridium carnis
CLCH,Clostridium chauvoei
CLCI,Clostridium citroniae
CLCL,Clostridium clostridiforme
CLCO,Clostridium cochlearium
CLCY,Clostridium cylindrosporum
CLDI,Clostridium difficile
CLFA,Clostridium fallax
CLFO,Clostridium formicoaceticum
CLGL,Clostridium glycolicum
CLHA,Clostridium hastiforme
CLHATH,Clostridium hathewayi
CLHI,Clostridium histolyticum
CLIN,Clostridium innocuum
CLIN2,Clostridium innocuum #2
CLNO,Clostridium novyi
CLOST,Clostridium sp.
CLOST2,Clostridium sp. (2)
CLOST3,Clostridium sp (3)
CLPA,Clostridium paraputrificum
CLPE,Clostridium perfringens
CLPE2,Clostridium perfringens
CLPR,Clostridium propionicum
CLPU,Clostridium putrificum
CLRA,Clostridium ramosum
CLSE,Clostridium septicum
CLSO,Clostridium sordellii
Listing of,odes for 'Organisms'
Code,ion
CLSPHE,Clostridium sphenoides
CLSPIR,Clostridium spiroforme
CLSPOR,Clostridium sporogenes
CLST,Clostridium sticklandii
CLSU,Clostridium subterminale
CLTERT,Clostridium tertium
CLTETA,Clostridium tetani
CLTEUM,Clostridium tetanomorphum
CLTH,Clostridium thermosaccharolyticum
CLTY,Clostridium tyrobutyricum
CMV,Cytomegalovirus
CNS,Coagulase negative staphylococcus
CNS2,Coagulase negative staphylococcus (2)
CNS3,Coagulase negative staphylococcus (3)
CNS4,Coagulase negative staphylococcus (4)
COAC,Comamonas acidovorans
COACCO,Corynebacterium accolens
COAF,Corynebacterium afermentans
COAM,Corynebacterium amycolatum
COAQ,Corynebacterium aquaticum
COAUR,Corynebacterium aurimucosum
COBE,Corynebacterium belfanti
COBO,Corynebacterium bovis
COCY,Corynebacterium cystitidis
CODI,Corynebacterium diphtheriae
CODIG2,Corynebacterium diphtheria var gravis #2
CODIGR,Corynebacterium diphtheria var gravis
CODIIN,Corynebacterium diphtheria v intermedius
CODIM,Coryne. diphtheriae var mitis (Belfanti)
CODIMI,Corynebacterium diphtheria var mitis
COGE,Corynebacterium genitalium
COGL,Corynebacterium glaucum
COGLU,Corynebacterium glucuronolyticum
COIM,Coccidioides immitis
COJE,Corynebacterium jeikeium
COKE,Comamonas kerstersii
COKU,Corynebacterium kutscheri
COL,Coliform sp.
COL2,Coliform sp. (2)
COMA,Corynebacterium matruchotii
COMACG,Corynebacterium macginleyi
COMAM,Comamonas sp.
COMI,Corynebacterium minutissimum
COMY,Corynebacterium mycetoides
COPA,Corynebacterium parvum
COPI,Corynebacterium pilosum
COPR,Corynebacterium propinquum
COPSDI,Corynebacterium pseudodiphtheriticum
Listing of,odes for 'Organisms'
Code,ion
COPSGE,Corynebacterium pseudogenitalium
COPSTU,Corynebacterium pseudotuberculosis
CORANF,Corynebacterium sp. (Group ANF)
CORE,Corynebacterium renale
CORYN,Corynebacterium sp.
COST,Corynebacterium striatum
COST2,Corynebacterium striatum (2)
COTE,Corynebacterium tuberculostearicum
COTEST,Comamonas testosteroni
COUL,Corynebacterium ulcerans
COUR,Corynebacterium ureolyticum
COXE,Corynebacterium xerosis
CRAL,Cryptococcus albidus
CRHU,Cryptococcus humicolus
CRIST,Cristispira sp.
CRLA,Cryptococcus laurentii
CRNE,Cryptococcus neoformans
CRON,Cronobacter sp.
CRSA,Cronobacter sakazakii
CRSP,Cryptosporidium sp.
CRYPT,Cryptococcus sp.
CUBE,Cunninghamella bertholletiae
CUGI,Cupriavidus gilardii
CULU,Curvularia lunata
CUPA,Cupriavidus pauculus
CUPRI,Cupriavidus sp
CURTO,Curtobacterium sp.
CYLI,Cylindrocarpon lichenicola
DEAC,Delftia acidovorans
DEAC2,Delftia acidovorans #2
DECO,Dermatophilus congolensis
DEDE,Desulfovibrio desulfuricans
DEET,Debaryomyces etschellsii carsonii
DEHO,Dermobacter hominis
DEINO,Deinococcus sp.
DELF,Delftia sp
DEMCO,Dermacoccus sp.
DERM,Dermatophyte
DERMA,Dermatophilus sp.
DIALI,Dialister sp.
DIAPH,Diaphrobacter species
DIECI,Dietzia cinnamea
DINA,Dietzia natronolimnaea
DIP,Diphtheroids
DIP2,Diphtheroids
DIPN,Dialister pneumosintes
EAEC,Escherichia coli (Enteroaggregative)
EDHO,Edwardsiella hoshinae
Listing of,odes for 'Organisms'
Code,ion
EDIC,Edwardsiella ictaluri
EDTA,Edwardsiella tarda
EDWAR,Edwardsiella sp.
EGCA,Eggerthia cateniformis
EICO,Eikenella corrodens
ELIZA,Elizabethkingia sp.
ELMI,Elizabethkingia miricola
ENAE,Enterobacter aerogenes
ENAE2,Enterobacter aerogenes (2)
ENAE3,Enterobacter aerogenes (3)
ENAEE,Enterobacter aerogenes (ESBL+)
ENAG,Enterobacter agglomerans
ENAGE,Enterobacter agglomerans (ESBL+)
ENAM,Enterobacter amnigenus
ENAM2,Enterobacter amnigenus (2)
ENAS,Enterobacter asburiae
ENAS2,Enterobacter asburiae #2
ENAS3,Enterobacter asburiae #3
ENASE,Enterobacter asburiae (ESBL+)
ENAV,Enterococcus avium
ENCA,Enterococcus casseliflavus
ENCANC,Enterobacter cancerogenus
ENCE,Enterococcus cecorum
ENCL,Enterobacter cloacae
ENCL2,Enterobacter cloacae (2)
ENCLC,Enterobacter cloacae (CARB+)
ENCLE,Enterobacter cloacae (ESBL+)
ENCLE2,Enterobacter cloacae (2)(ESBL+)
ENDU,Enterococcus durans
ENFA,Enterococcus faecalis
ENFA2,Enterococcus faecalis (2)
ENFAUM,&STFAUM
ENGA,Enterococcus gallinarum
ENGE,Enterobacter gergoviae
ENGI,Enterococcus gilvus
ENHA,Enhydrobacter aerosaccus
ENIN,Enterobacter intermedius
ENKO,Enterobacter kobei
ENKOC,Enterobacter kobei (CARB+)
ENKOE,Enterobacter kobei (ESBL+)
ENLU,Enterobacter ludwigii
ENRA,Enterococcus raffinosus
ENSA,Enterobacter sakazakii
ENSA2,Enterobacter sakazakii - (2)
ENSAE,Enterobacter sakazakii (ESBL+)
ENTA,Enterobacter taylorae
ENTAM,Entamoeba histolytica
ENTBC2,Enterobacter sp (2)(CARB+)
Listing of,odes for 'Organisms'
Code,ion
ENTE2C,Enterobacter sp(2)(CARB+)
ENTER,Enterobacter sp.
ENTER2,Enterobacter sp. (2)
ENTER3,Enterobacter sp (3)
ENTERC,Enterobacter sp (CARB+)
ENTERE,Enterobacter sp. (ESBL+)
ENTRC,Enterococcus spp.
EPFL,Epidermophyton floccosum
ERAM,Erwinia amylovora
ERHE,Erwinia herbicola
ERRH,Erysipelothrix rhusiopathiae
ERTO,Erysipelothrix tonsillarum
ERWIN,Erwinia sp.
ERYSI,Erysipelothrix sp.
ESCHE,Escherichia sp.
ESCHEC,Escherichia hermannii (CARB+)
ESCO,Escherichia coli
ESCO2,Escherichia coli (2)
ESCO3,Escherichia coli (3)
ESCO4,Escherichia coli (4)
ESCOC,Escherichia coli (CARB+)
ESCOE,Escherichia coli (ESBL+)
ESCOE2,Escherichia coli (2)(ESBL+)
ESCOE3,Escherichia coli (3)(ESBL+)
ESFE,Escherichia fergusonii
ESHE,Escherichia hermannii
ESHEE,Escherichia hermannii (ESBL+)
ESVU,Escherichia vulneris
ESVUC,Escherichia vulneris (CARB+)
ETEC,Escherichia coli (Enterotoxigenic)
EUBAC,Eubacterium sp.
EUIN,Eubacterium ingens
EULE,Eggerthella lenta
EULI,Eubacterium limosum
EUSU,Eubacterium suis
EWING,Ewingella sp.
EXDE,Exophiala dermatitidis
EXJE,Exophiala jeanselmei
EXOPH,Exophiala sp
FACK,Facklamia species
FAHO,Facklamia hominis
FCULT,Fungal Culture
FF,Faecal flora
FIMA,Finegoldia magna
FLAVI,Flavimonas sp.
FLAVO,Flavobacterium sp.
FLBR,Flavobacterium breve
FLCE,Flavobacterium ceti
Listing of,odes for 'Organisms'
Code,ion
FLGL,Flavobacterium gleum
FLIN,Flavobacterium indologenes
FLME,Elizabethkingia meningoseptica
FLMI,Flavobacterium mizutaii
FLMU,Flavobacterium multivorum
FLOD,&MYOD
FLOR,Flavimonas oryzihabitans
FLPL,Flavonifractor plautii
FLSP,Flavobacterium spiritivorum
FLTH,Flavobacterium thalpophilum
FLUOR,Fluoribacter sp.
FLYA,Flavobacterium yabuuchiae
FOPE,Fonsecaea pedrosoi species complex
FRANC,Francisella sp.
FRANK,Frankia sp.
FRPH,Francisella philomiragia
FRTU,Francisella tularensis
FTS,Enterococcus sp.
FTS2,Enterococcus sp (2)
FTS3,Enterococcus sp. (3)
FUAL,Fusobacterium alocis
FUFU,Fusobacterium fusiforme
FUGO,Fusobacterium gonidiaformans
FUMO,Fusobacterium mortiferum
FUNA,Fusobacterium naviforme
FUNEGE,Fusobacterium necrogenes
FUNEPH,Fusobacterium necrophorum
FUNG,Fungus
FUNU,Fusobacterium nucleatum
FUOXY,Fusarium oxysporum
FUPERF,Fusobacterium perfoetens
FUPERI,Fusobacterium periodonticum
FUPR,Fusobacterium prausnitzii
FURU,Fusobacterium russii
FUSI,Fusobacterium simiae
FUSO,Fusarium solani
FUSOB,Fusobacterium sp.
FUSP,Fusarium sp.
FUSU,Fusobacterium sulci
FUUL,Fusobacterium ulcerans
FUVA,Fusobacterium varium
GAHO,Gastrospirillum hominis
GARDN,Gardnerella sp.
GAVA,Gardnerella vaginalis
GECA,Geotrichum capitatum
GEHA,Gemella haemolysans
GEMEL,Gemella sp
GEMO,Gemella morbillorum
Listing of,odes for 'Organisms'
Code,ion
GEOB,Geobacillus
GEODE,Geodermatophilus sp.
GEOT,Geotrichum sp.
GESA,Gemella sanguinis
GIAR,Giardia sp.
GLOBI,Globicatella
GLSA,Globicatella sanguinis
GNB,Gram negative bacilli
GNB2,Gram negative bacilli (2)
GNC,Gram negative coccus
GNCB,Gram Negative Cocco-bacillus
GNDC,Gram negative diplococci
GORDO,Gordonia sp
GOSP,Gordonia sputi
GPB,Gram positive bacilli
GPB2,Gram positive bacilli #2
GPC,Gram positive coccus
GPCCH,Gram positive cocci in chains
GPCCL,Gram positive cocci in clusters
GPDC,Gram positive diplococci
GRAD,Granulicatella adiacens
GRAHA,Grahamella sp.
GRANU,Granulicatella
GREL,Granulicatella elegans
GRPE,Grahamella peromysci
GRTA,Grahamella talpae
HAAE,Haemophilus aegyptius
HAAG,Haemophilus agni
HAAL,Hafnia alvei
HAAL2,Hafnia alvei (2)
HAALC,Hafnia alvei (CARB+)
HAALE,Hafnia alvei (ESBL+)
HAAP,Haemophilus aphrophilus
HAAV,Haemophilus avium
HACA,Haemobartonella canis
HADU,Haemophilus ducreyi
HAEMO,Haemophilus sp
HAEMOB,Haemobartonella sp
HAEQ,Haemophilus equigenitalis
HAFE,Haemobartonella felis
HAFNI,Hafnia sp.
HAHAGL,Haemophilus haemoglobinophilus
HAHALT,Haemophilus haemolyticus
HAIN,Haemophilus influenzae
HAIN1,Haemophilus influenzae (1)
HAIN2,Haemophilus influenzae (2)
HAMU,Haemobartenella muris
HAOV,Haemophilus ovis
Listing of,odes for 'Organisms'
Code,ion
HAPA,Haemophilus parainfluenzae
HAPAF2,Haemophilus parainfluenzae (2)
HAPAFL,Haemophilus parainfluenzae
HAPAGL,Haemophilus paragallinarum
HAPAHM,Haemophilus parahaemolyticus
HAPANL,Haemophilus parauniculus
HAPAPH,Haemophilus paraphrohaemolyticus
HAPAPL,Haemophilus paraphrophilus
HAPASU,Haemophilus parasuis
HAPL,Haemophilus pleuropneumoniae
HASE,Haemophilus segnis
HASO,Haemophilus somnus
HAV,Hepatitis A Virus
HBV,Hepatitis B Virus
HCV,Hepatitis C Virus
HEHU,Herbaspirillium huttiense
HEKU,Helococcus kunzii
HELICO,Helicobacter sp
HEMU,Helicobacter mustelae
HEP3,"HBsAG,HCV,HAV"
HEPU,Helicobacter pullorum
HEPY,Helicobacter pylori
HERBS,Herbaspirillium sp.
HESU,Helcococcus sueciensis
HETO,Hendersonula toruloidea
HICA,Histoplasma capsulatum
HIV,Human Immunodif Virus
HMG,Heavy mixed growth.
HS,Beta haemolytic streptococcus
HSA,Group A Beta haemolytic streptococcus
HSA2,Group A Haemolytic Streptococcus #2
HSB,Group B Beta haemolytic streptococcus
HSB2,Group B Beta haemolytic streptococcus #2
HSC,Group C Beta haemolytic streptococcus
HSD,Enterococcus sp.
HSF,Group F Beta haemolytic streptococcus
HSG,Group G Beta haemolytic streptococcus
HSG2,Group G Beta-haemolytic Streptoccus #2
JAHO,Janibacter hoylei
JALI,Janthinobacterium lividum
JANTH,Janthinobacterium sp.
JODE,Jonesia denitrificans
JS,JOINT SENSITIVITY
KES,Coliform sp.
KES2,Coliform sp. (2)
KIDE,Kingella denitrificans
KIIN,Kingella indologenes
KIKI,Kingella kingae
Listing of,odes for 'Organisms'
Code,ion
KINGE,Kingella sp.
KIOR,Kingella oralis
KLAE,Klebsiella aerogenes
KLAEE,Klebsiella aerogenes (ESBL+)
KLAP,Kloeckera apis/apiculata
KLAS,Kluyvera ascorbata
KLASC,Kluyvera ascorbata (CARB+)
KLASE,Kluyvera ascorbata (ESBL+)
KLCI,Kluyvera citrophila
KLCR,Kluyvera cryocrescens
KLEBE,Klebsiella sp (ESBL+)
KLEBE2,Klebsiella sp. (2)(ESBL+)
KLEBS,Klebsiella sp
KLEBS2,Klebsiella sp (2)
KLEBS3,Klebsiella sp. (3)
KLEBSC,Klebsiella sp. (CARB+)
KLKO,Klebsiella kobei
KLNO,Kluyvera noncitrophila
KLOR,Klebsiella ornithinolytica
KLOX,Klebsiella oxytoca
KLOX2,Klebsiella oxytoca (2)
KLOX2C,Klebsiella oxytoca(2) (CARB+)
KLOXC,Klebsiella oxytoca (CARB+)
KLOXE,Klebsiella oxytoca (ESBL+)
KLOZ,Klebsiella ozaenae
KLOZ2,Klebsiella ozaenae (#2)
KLOZE,Klebsiella ozaenae (ESBL+)
KLPL,Klebsiella planticola
KLPL2,Klebsiella planticola (2)
KLPN,Klebsiella pneumoniae
KLPN2,Klebsiella pneumoniae (2)
KLPN2C,Klebsiella pneumoniae(2)(CARB+)
KLPN3,Klebsiella pneumoniae #3
KLPNC,Klebsiella pneumoniae (CARB+)
KLPNE,Klebsiella pneumoniae (ESBL+)
KLPNE2,Klebsiella pneumoniae (2)(ESBL+)
KLPNPN,Klebsiella pneumoniae ssp pneumoniae
KLRH,Klebsiella rhinoscleromatis
KLTE,Raoultella terrigena
KLUYV,Kluyvera sp.
KLVA,Klebsiella variicola
KLVAC,Klebsiella variicola (CARB+)
KOCUR,Kocuria species
KOKR,Kocuria kristinae
KOPA,Kocuria palustris
KORH,Kocuria rhizophila
KORO,Kocuria rosea
KOSER,Koserella sp
Listing of,odes for 'Organisms'
Code,ion
KOTR,Koserella trabulsii
KOVA,Kocuria varians
KURTH,Kurthia sp
KYSC,Kytococcus schroeteri
KYSE,Kytococcus sedentarius
LAAC,Lactobacillus acidophilus
LABR,Lactobacillus brevis
LABUCH,Lactobacillus buchneri
LABULG,Lactobacillus bulgaricus
LACA,Lactobacillus casei
LACE,Lactobacillus cellobiosus
LACHN,Lachnospira sp.
LACLA,Lactococcus lactis
LACOLA,Lactococcus lactis
LACT,Lactococcus
LACTC,Lactococcus sp.
LACTO,Lactobacillus sp.
LACTO2,Lactobacillus sp (2)
LADE,Lactobacillus delbrueckii
LAFE,Lactobacillus fermentum
LAGA,Lactobacillus gasseri
LAHE,Lactobacillus helveticus
LAHO,Lactobacillus hordniae
LAJE,Lactobacillus jensenii
LAJU,Lactobacillus jugurti
LALA,Lactobacillus lactis
LALC,Lactococcus lactis cremoris
LALE,Lactobacillus leichmannii
LAPA,Lactobacillus paracasei
LAPL,Lactobacillus plantarum
LARH,Lactobacillus rhamnosus
LARU,Lactobacillus ruminis
LASA,Lactobacillus salivarius
LASAK,Lactobacillus sakei
LAVI,Lactobacillus viridescens
LAVIT,Lactobacillus vitulinus
LEAD,Leclercia adecarboxylata
LEBI,Leptospira biflexa
LEBU,Leptotrichia buccalis
LECLE,Leclercia sp
LECR,Leuconostoc cremoris
LEDE,Leuconostoc dextranicum
LEG214,Legionella pneumophila sgp 2-14
LEGIO,Legionella sp.
LEGR,Leminorella grimontii
LEIC,Leptonema illini
LEINAD,Leptospira inadai
LEINTE,Leptospira interrogans
Listing of,odes for 'Organisms'
Code,ion
LELA,Leuconostoc lactis
LEME,Leuconostoc mesenteroides
LEMI,Legionella micdadei
LEMIN,Leminorella sp.
LEPA,Leptospira parva
LEPN,Legionella pneumophila
LEPN1,Legionella pneumophila Sgp 1
LEPN12,Legionella pneumophila Sgp 12
LEPN4,Legionella peumophila sgp 4
LEPN6,Legionella pneumophila Sgp 6
LEPTON,Leptonema sp.
LEPTOS,Leptospira sp.
LEPTOT,Leptotricha sp.
LERI,Leminorella richardii
LETR,Leptotrichia trevisanii
LEUCO,Leuconostoc sp.
LFC,Lactose fermenting coliform
LFC2,Lactose fermenting coliform (2)
LFC3,Lactose fermenting coliform
LFC4,Lactose fermenting coliform #4
LIDE,Listeria denitrificans
LIGR,Listeria grayi
LIIN,Listeria innocua
LIIV,Listeria ivanovii
LIMO,Listeria monocytogenes
LIMU,Listeria murrayi
LISE,Listeria seeligeri
LISTE,Listeria sp.
LIWE,Listeria welshimeri
LUTEI,Luteibacter sp
LYSI,Lysinibacillus
MAC,Mycobacterium avium complex
MAGR,Madurella grisea
MAHS,Mixed alpha-haemolytic streptococci
MAI,Mycobacterium avium-intracellulare
MAIC,Mycobacterium avium-intracell. complex
MAIS,Mycobacterium avium-intracell.-scroful.
MALAS,Malassezia sp
MAN,Mixed anaerobes
MAPA,Malassezia pachydermatis
MASS,Massilia sp.
MATI,Massilia timonae
MCOL,Mixed coliforms
MCS,Mixed coagulase negative staphylococci
MEME,Methylobacterium mesophilicum
MFF,Mixed faecal flora
MG,Mixed growth
MIAG,Micrococcus agilis
Listing of,odes for 'Organisms'
Code,ion
MIAU,Microbacterium aurum
MICA,Microsporum canis
MICBA,Microbacterium sp.
MICRO,Microorganism
MICRO2,Micrococcus sp #2
MICROB,Microbispora sp.
MICROC,Micrococcus sp.
MICROT,Microtetraspora sp.
MIGY,Microsporum gypseum
MIHA,Micrococcus halobius
MIKR,Micrococcus kristinae
MILU,Micrococcus luteus
MILYLA,Micrococcus lylae
MILYSO,Micrococcus lysodeikticus
MIMI,Micromonas micros
MIMU,Micrococcus mucilaginosus
MINI,Micrococcus nishinomiyaensis
MIPE,Microsporum persicolor
MIRO,Micrococcus roseus
MISE,Micrococcus sedentarius
MIVA,Micrococcus varians
MLC,Mixed lactose fermenters
MNHS,Mixed non-haemolytic streptococci
MNL,Mixed non-lactose fermenters
MOAT,Moraxella atlantae
MOBIL,Mobiluncus sp.
MOBO,Moraxella bovis
MOCA,Moraxella catarrhalis
MOCU,Mobiluncus curtissii
MOELL,Moellerella sp.
MOLA,Moraxella lacunata
MOLI,Moraxella liquefaciens
MOMO,Morganella morganii
MOMO2,Morganella morganii (2)
MOMOC,Morganella morganii (CARB+)
MOMOE,Morganella morganii (ESBL+)
MOMU,Mobiluncus mulieris
MONO,Moraxella nonliquefaciens
MOOS,Moraxella osloensis
MOPH,Moraxella phenylpyruvica
MORAX,Moraxella sp.
MORGA,Morganella sp.
MOWI,Moellerella wisconsensis
MRSA,Staphylococcus aureus (MRSA)
MRSA2,Staphylococcus aureus (MRSA) #2
MRSA3,Staphylococcus aureus (MRSA) #3
MST,Micro-aerophilic staphylococcus
MUC,Mixed urethral contaminants
Listing of,odes for 'Organisms'
Code,ion
MUCOR,Mucor sp.
MYAB,Mycobacterium abscessus
MYABC,Mycobacterium abscessus complex
MYAF,Mycobacterium africanum
MYAG,Mycobacterium agri
MYAI,Mycobacterium aichense
MYAQ,Mycobacterium aquae
MYAS,Mycobacterium asiaticum
MYAU,Mycobacterium aurum
MYAV,Mycobacterium avium
MYBO,Mycobacterium bovis
MYCH,Mycobacterium chimaera
MYCHEL,Mycobacterium chelonae
MYCHIT,Mycobacterium chitae
MYCHUB,Mycobacterium chubuense
MYCOB,Mycobacterium sp.
MYDI,Mycobacterium diernhoferi
MYDU,Mycobacterium duvalii
MYFALL,Mycobacterium fallax
MYFARC,Mycobacterium farcinogens
MYFL,Mycobacterium flavescens
MYFO,Mycobacterium fortuitum
MYFOG,Mycobacterium fortuitum group
MYGADI,Mycobacterium gadium
MYGAST,Mycobacterium gastri
MYGI,Mycobacterium gilvum
MYGO,Mycobacterium gordonae
MYHA,Mycobacterium haemophilum
MYIN,Mycobacterium intracellulare
MYINTE,Mycobacterium interjectum
MYKA,Mycobacterium kansasii
MYKO,Mycobacterium komossense
MYLE,Mycobacterium lentiflavum
MYLEMU,Mycobacterium lepraemurium
MYLEPR,Mycobacterium leprae
MYMALM,Mycobacterium malmoense
MYMARI,Mycobacterium marinum
MYMI,Mycobacterium microti
MYMU,Mycobacterium mucogenicum
MYNE,Mycobacterium neoaurum
MYNONC,Mycobacterium nonchromogenicum
MYNOVU,Mycobacterium novum
MYOB,Mycobacterium obuense
MYOD,Myroides odoratimimus
MYPA,Mycobacterium paratuberculosis
MYPAF,Mycobacterium paraffinicum
MYPE,Mycobacterium peregrinum
MYPH,Mycobacterium phlei
Listing of,odes for 'Organisms'
Code,ion
MYPO,Mycobacterium porcinum
MYPU,Mycobacterium pulveris
MYRH,Mycobacterium rhodesiae
MYROI,Myroides sp.
MYSC,Mycobacterium scrofulaceum
MYSHIM,Mycobacterium shimoidei
MYSHIN,Mycobacterium shinshuense
MYSI,Mycobacterium simiae
MYSM,Mycobacterium smegmatis
MYSP,Mycobacterium sphagni
MYSZ,Mycobacterium szulgai
MYTBC,Mycobacterium tuberculosis complex
MYTE,Mycobacterium terrae
MYTEC,Mycobacterium terrae complex
MYTETR,Mycobacterium terrae-triviale
MYTH,Mycobacterium thermoresistibile
MYTO,Mycobacterium tokaiense
MYTU,Mycobacterium tuberculosis
MYUL,Mycobacterium ulcerans
MYVA,Mycobacterium vaccae
MYXE,Mycobacterium xenopi
NAHA,Naxibacter haematophilus
NEAM,Neisseria animalis
NEAN,Neisseria animaloris
NECA,Neisseria canis
NECI,Neisseria cinerea
NECR,Neisseria crassa
NECU,Neisseria cuniculi
NEDI,Neoscytalidium dimidiatum
NEEL,Neisseria elongata
NEFL,Neisseria flavescens
NEGO,Neisseria gonorrhoeae
NEISS,Neisseria sp.
NELA,Neisseria lactamica
NEME,Neisseria meningitidis
NEMU,Neisseria mucosa
NEPH,Neisseria pharyngis
NEPO,Neisseria polysacchareae
NESI,Neisseria sicca
NESU,Neisseria subflava
NEWE,Neisseria weaveri
NEZO,Neisseria zoodegmatis
NF,Normal flora
NGNB,Non-fermentative gram negative bacillus
NGNB2,Non fermentative gram negative bacillus2
NHS,Non haemolytic streptococcus
NHS2,Non-haemolytic streptococcus (2)
NLF,Non-lactose fermenting coliform
Listing of,odes for 'Organisms'
Code,ion
NLF2,Non-lactose fermenting coliform (2)
NLF3,Non-lactose fermenting coliform (3)
NLFE,Non-lactose fermenting coliform (ESBL+)
NOAM,Nocardia amarae
NOAS,Nocardia asteroides
NOBRAS,Nocardia brasiliensis
NOBREV,Nocardia brevicatena
NOCA,Nocardia carnea
NOCAR,Nocardia sp.
NOCARP,Nocardiopsis sp.
NODA,Nocardiopsis dassonvillei
NOEN,Non-enterobacteriaceae
NOFA,Nocardia farcinica
NOME,Nocardia mediterranea
NOOT,Nocardia otitidis-caviarum
NOPU,Nonomuria pusilla
NORO,Norovirus GI/GII
NOSE,Nocardia seriolae
NOSI,Nocardioides simplex
NOTR,Nocardia transvalensis
NSBG,No significant bacterial growth.
NTO157,Escherichia coli O157 (non-toxin prod.)
O157,Escherichia coli O157
O184,Escherichia coli O184
O26,Escherichia coli O26
OBESU,Obesumbacterium sp.
OBPR,Obesumbacterium proteus
OCAN,Ochrobactrum anthropi
OCHRO,Ochrobactrum sp.
ODSP,Odoribacter splanchnicus
OERSK,Oerskovia sp.
OETU,Oerskovia turbata
OEXA,Oerskovia xanthineolytica
OF,Oropharyngeal flora
OLIGE,Oligella sp.
OLUR,Oligella urethralis
OLUREO,Oligella ureolytica
OLURET,Oligella urethralis
ONCA,Onychocola canadensis
PAAE,Pasteurella aerogenes
PAAG,Pantoea agglomerans
PAAG2,Pantoea agglomerans (2)
PAAN,Paracolobactrum anguillimortiferum
PAAP,Pandoraea apista
PABO,Paenibacillus borealis
PACA,Pasteurella canis
PADA,Pasteurella dagmatis
PADI,Parabacteroides distasonis
Listing of,odes for 'Organisms'
Code,ion
PAECI,Paecilomyces sp.
PAENI,Paenibacillus sp.
PAGA,Pasteurella gallinarum
PAGO,Parabacteroides goldsteinii
PAHA,Pasteurella haemolyticus
PAMA,Paenibacillus macerans
PAMI,Parvimonas micra
PAMU,Pasteurella multocida
PAND,Pandoraea sp
PANTO,Pantoea sp.
PANTO2,Pantoea sp. (2)
PAPI,Pasteurella piscicida
PAPN,Pasteurella pneumotropica
PAPOL,Paenibacillus polymyxa
PARAC,Paracolobactrum sp.
PASEP,Pantoea septica
PASTE,Pasteurella sp.
PAUR,Pasteurella ureae
PAVA,Paecilomyces variotii
PAYE,Paracoccus yeeii
PEAN,Peptostreptococcus anaerobius
PEAS,Peptostreptococcus asaccharolyticus
PECTI,Pectinatus sp.
PEDIO,Pediococcus sp.
PEHA,Peptoniphilus harei
PEHE,Peptostreptococcus heliotrinreducens
PEIN,Peptostreptococcus indolicus
PEMA,Peptostreptococcus magnus
PEMI,Peptostreptococcus micros
PENI,Peptococcus niger
PENIC,Penicillium sp.
PEPA,Peptostreptococcus parvulus
PEPAS,Peptoniphilus asaccharolyticus
PEPE,Pediococcus pentosaceus
PEPREV,Anaerococcus prevotii
PEPROD,Peptostreptococcus productus
PEPTO,Peptoniphilus sp.
PEPTOC,Anaerococcus sp.
PEPTOS,Peptostreptococcus sp.
PETE,Peptostreptococcus tetradius
PHOMA,Phoma sp.
PHPA,Phaeoacremonium parasiticum
PICA,Pichia cactophila
PIET,Pichia etchellsii
PIHO,Piedraia hortae
PIOH,Pichia ohmeri
PLANOB,Planobispora sp.
PLANOC,Planococcus sp.
Listing of,odes for 'Organisms'
Code,ion
PLANOM,Planomonospora sp.
PLCI,Planococcus citreus
PLESI,Plesiomonas sp.
PLHA,Planococcus halophilus
PLSH,Plesiomonas shigelloides
PMP,Coliform sp.
PMP2,Coliform sp. (2)
PNCA,Pneumoncystis carinii
POEN,Porphyromonas endodontalis
POJA,Popillia japonica
PORPH,Porphyromonas sp.
PRAC,Propionibacterium acnes
PRAGI,Pragia sp.
PRAL,Providencia alcalifaciens
PRAV,Propionibacterium avidum
PRBA,Prevotella baroniae
PRBI,Prevotella bivia
PRDE,Prevotella denticola
PRDI,Prevotella disiens
PREVO,Prevotella sp
PRGR,Propionibacterium granulosum
PRHE,Providencia heimbachae
PRIN,Prevotella intermedia
PRLY,Propionimicrobium lymphophilum
PRME,Prevotella melaninogenica
PRMI,Proteus mirabilis
PRMI2,Proteus mirabilis (2)
PRMIC,Proteus mirabilis (CARB+)
PRMIE,Proteus mirabilis (ESBL+)
PRMY,Proteus myxofaciens
PRNI,Prevotella nigrescens
PROPI,Propionibacterium sp.
PROR,Prevotella oralis
PROTE,Proteus sp.
PROTE2,Proteus sp.
PROTEE,Proteus sp. (ESBL+)
PROV2,Providencia sp #2
PROVI,Providencia sp.
PRPE,Proteus penneri
PRPR,Propionibacterium propionicum
PRRE,Providencia rettgeri
PRRU,Providencia rustigianii
PRSH,Propionibacterium shermanii
PRST,Providencia stuartii
PRVU,Proteus vulgaris
PRVU2,Proteus vulgaris(2)
PRVUE,Proteus vulgaris (ESBL+)
PSAC,Pseudomonas acidovorans
Listing of,odes for 'Organisms'
Code,ion
PSAE,Pseudomonas aeruginosa
PSAE2,Pseudomonas aeruginosa (2)
PSAE3,Pseudomonas aeruginosa (3)
PSAE4,Pseudomonas aeruginosa (4)
PSAE5,Pseudomonas aeruginosa (5)
PSAEC,Pseudomonas aeruginosa(CARB+)
PSAL,Pseudomonas alcaligenes
PSBO,Pseudallescheria boydii
PSCB,Burkholderia cepacia (BGH Strain)
PSCE,Burkholderia cepacia
PSCE2,Burkholderia cepacia (Strain 2)
PSCH,Pseudomonas chlororaphis
PSDI,Pseudomonas diminuta
PSEUD,Pseudomonas sp.
PSEUD2,Pseudomonas sp. (2)
PSEUD3,Pseudomonas sp.
PSFL,Pseudomonas fluorescens
PSFU,Pseudomonas fulva
PSKO,Pseudomonas koreensis
PSMAL2,&STMAL2
PSMALL,Pseudomonas mallei
PSMALT,&STMA
PSME,Pseudomonas mesophilica
PSMEND,Pseudomonas mendocina
PSMON,Pseudomonas monteilii
PSMOS,Pseudomonas mosselii
PSOR,Pseudomonas oryzihabitans
PSPA,Pseudomonas paucimobilis
PSPH,Psychrobacter phenylpyruvica
PSPI,Pseudomonas pickettii
PSPL,Pseudomonas plecoglossicida
PSPSAL,Pseudomonas pseudoalcaligenes
PSPSMA,Pseudomonas pseudomallei
PSPU,Pseudomonas putida
PSSA,Psychrobacter sanguinis
PSST,Pseudomonas stutzeri
PSSY,Pseudomonas syringae
PSVE,Pseudomonas vesicularis
PSYCH,Psychrobacter sp.
PULI,Purpureocillium lilacinum
PYOD,Pseudomonas aeruginosa
PYOD2,Ps. aeruginosa (2)
PYOG,Pseudomonas aeruginosa
PYOG2,Pseudomonas aeruginosa
PYOG3,Pseudomonas aeruginosa
PYOMO,Pseudomonas aeruginosa
PYOMO2,Pseudomonas aeruginosa
PYOMT,Pseudomonas aeruginosa
Listing of,odes for 'Organisms'
Code,ion
PYOMT2,Pseudomonas aeruginosa
PYOR,Pseudomonas aeruginosa
PYOR2,Pseudomonas aeruginosa
PYOS,Pseudomonas aeruginosa
PYOS2,Pseudomonas aeruginosa
PYOSW,Pyo sweep
RAHNE,Rahnella sp.
RALST,Ralstonia sp.
RAMA,Ralstonia mannitolytica
RAOR,Raoultella ornithinolytica
RAORC,Raoultella ornithinolytica(CARB+)
RAOUL,Raoultella sp
RAPI,Ralstonia pickettii
RAPL,Raoultella planticola
RASAM,Rasamsonia sp.
RASO,Ralstonia solanacearum
RATE,Raoultella terrigena
RHAI,Rhodococcus aitchensis
RHAR,Rhizopus arrhizus
RHBR,Rhodococcus bronchialis
RHEQ,Rhodococcus equi
RHGL,Rhodotorula glutinis
RHIZO,Rhizopus sp.
RHMI,Rhizopus microsporus
RHODO,Rhodococcus sp.
RHODOT,Rhodotorula species
RHPU,Rhizomucor pusillus
RHRA,Rhizobium radiobacter
RHRH,Rhodococcus rhodochrous
RHRU,Rhodococcus rubropertinctus
RHRURA,Rhodotorula rubra
RHSP,Rhodococcus sputi
RHTE,Rhodococcus terrae
RODE,Rothia dentocariosa
ROGI,Roseomonas gilardi
ROMU,Rothia mucilaginosa
ROQU,Rochalimaea quintana
ROSMU,Roseomonas mucosa
ROTA,Rotavirus A
ROTHI,Rothia sp.
RUGN,Ruminococcus gnavus
RUMIN,Ruminococcus species
SAAG,Salmonella agona
SAAN,Salmonella anatum
SAAR,Salmonella arizonae
SABA,Salmonella bareilly
SABR,Salmonella bredeney
SABRA,Salmonella braenderup
Listing of,odes for 'Organisms'
Code,ion
SACA,Saprochaete capitata
SACCH,Saccharomyces sp
SACE,Salmonella chester
SACER,Saccharomyces cerevisiae
SACH,Salmonella choleraesuis
SACL,Saprochaete clavata
SADE,Salmonella derby
SAEA,Salmonella eastbourne
SAEIN,Salmonella eingedi
SAEN,Salmonella enteritidis
SAEN2,Salmonella enteritidis strain 2
SAHA,Salmonella hadar
SAIN,Salmonella indiana
SAINF,Salmonella infantis
SAJA,Salmonella java
SAKEN,Salmonella kentucky
SAKL,Saccharomyces kluyverii
SAKO,Salmonella kottbus
SALI,Salmonella livingstone
SALIT,Salmonella litchfield
SALMO,Salmonella sp.
SALMO2,Salmonella sp.
SAMA,Salmonella manhattan
SAMB,Salmonella mbandaka
SAMO,Salmonella montevideo
SANE,Salmonella newport
SAOK,Salmonella okatie
SAPARA,Salmonella paratyphi A
SAPARB,Salmonella paratyphi B
SAPARC,Salmonella paratyphi C
SAPO,Salmonella poona
SAPOV,Sapovirus
SARE,Salmonella rechovot
SARI,Salmonella rissen
SASA,Salmonella saint-paul
SASC,Salmonella schwarzengrund
SAST,Salmonella stanley
SATYM,Salmonella typhimurium
SATYP,Salmonella typhi
SAVI,Salmonella virchow
SAWE,Salmonella weltevreden
SCAP,Scedosporium apiospermum
SCBR,Scopulariopsis brevicaulis
SCDI,Scytalidium dimidiatum
SCHY,Scytalidium hyalinum
SCPR,Scedosporium prolificans
SEFI,Serratia ficaria
SEFO,Serratia fonticola
Listing of,odes for 'Organisms'
Code,ion
SEGR,Serratia grimesii
SELENO,Selenomonas sp.
SELI,Serratia liquefaciens
SELI2,Serratia liquifaciens #2
SEMA,Serratia marcescens
SEMA2,Serratia marcescens (2)
SEMAR2,Serratia marcescens (2)
SEMARC,Serratia marcescens
SEMARE,Serratia marcescens (ESBL+)
SEMARI,Serratia marinorubra
SEOD,Serratia odorifera
SEPL,Serratia plymuthica
SEPR,Serratia proteamaculans
SERRA,Serratia sp.
SERRA2,Serratia sp #2
SERRAE,Serratia sp. (ESBL+)
SERU,Serratia rubidaea
SERU2,Serratia rubidaea #2
SEUR,Serratia ureilytica
SFF,Skin and faecal flora
SHBO,Shigella boydii
SHDY,Shigella dysenteriae
SHEWA,Shewanella sp.
SHFL,Shigella flexneri
SHIGE,Shigella sp.
SHPU,Shewanella putrefaciens
SHSO,Shigella sonnei
SHYO,Streptococcus hyointestinalis
SKF,Skin flora
SLEX,Slackia exigua
SOLIB,Solibacillus sp.
SPAQ,Sporosarcina aquamarinara
SPCI,Spiroplasma citri
SPHIN,Sphingomonas sp.
SPIROC,Spirochaeta sp.
SPIROP,Spiroplasma sp.
SPMI,Spiroplasma mirum
SPMU,Sphingobacillus multivorum
SPPA,Sphingomonas paucimobilis
SPPE,Spirochaeta penortha
SPSA,Sporobolomyces salmonicolor
STAC,Streptococcus acidominimus
STAD,Streptococcus adjacens
STAG,Group B Beta haemolytic streptococcus
STAIN,Staphylococcus intermedius
STAL,Streptococcus alactolyticus
STAN,Streptococcus anginosus
STAPGA,Staphylococcus gallinarum
Listing of,odes for 'Organisms'
Code,ion
STAPH,Staphylococcus sp.
STAPH2,Staphylococcus sp
STAPIN,Staphylococcus pseudintermedius
STAR,Staphylococcus arlettae
STARG,Staphylococcus argenteus
STAU,Staphylococcus aureus
STAU2,Staphylococcus aureus #2
STAU3,Staphylococcus aureus #3
STAUHP,Staphylococcus aureus
STAURI,Staphylococcus auricularis
STAV,Streptococcus avium
STBO,Streptococcus bovis
STCA,Staphylococcus caprae
STCANI,Streptococcus canis
STCAPI,Staphylococcus capitis
STCARN,Staphylococcus carnosus
STCASE,Staphylococcus caseolyticus
STCASS,Enterococcus casseliflavus
STCH,Staphylococcus chromogenes
STCI,Stephanoascus ciferrii
STCOHN,Staphylococcus cohnii
STCONS,Streptococcus constellatus
STCR,Streptococcus cristatus
STCREM,Streptococcus cremoris
STCRIC,Streptococcus cricetus
STDU,Enterococcus durans
STDY,Streptococcus dysgalactiae
STEC,Escherichia coli (Shiga toxin +)
STENO,Stenotrophomonas sp.
STEP,Staphylococcus epidermidis
STEP2,Staphylococcus epidermidis (2)
STEQLS,Streptococcus equisimilis
STEQNS,Streptococcus equinus
STEQUI,Streptococcus equi
STEQUO,Staphylococcus equorum
STFAIS,Enterococcus faecalis
STFAU2,Enterococcus faecium (2)
STFAUM,Enterococcus faecium
STFE,Streptococcus ferus
STFO,Streptothrix foersteri
STGA,Streptococcus gallolyticus
STGO,Streptococcus gordonii
STGR,Streptococcus griseus
STHA,Streptococcus halichoeri
STHAE2,Staphylococcus haemolyticus(2)
STHAEM,Staphylococcus haemolyticus
STHANS,Streptococcus hanseni
STHI,Streptococcus hirae
Listing of,odes for 'Organisms'
Code,ion
STHO,Staphylococcus hominis
STHY,Staphylococcus hyicus
STKL,Staphylococcus kloosii
STLA,Streptococcus lactis
STLE,Staphylococcus lentus
STLU,Staphylococcus lugdunensis
STLUT,Streptococcus lutetiensis
STMA,Stenotrophomonas maltophilia
STMACA,Streptococcus macacae
STMAL2,Stenotrophomonas maltophilia (2)
STMAL3,Stenotrophomonas maltophilia (3)
STMALO,Streptococcus malodoratus
STMALT,&STMA
STMAS,Streptococcus massiliensis
STMI,Streptococcus mitis
STMI2,Streptococcus mitis
STMI3,Streptococcus mitis #3
STMIL2,Streptococcus milleri
STMILL,Streptococcus milleri
STMONI,Streptobacillus moniliformis
STMORB,Streptococcus morbillorum
STMUCI,Stomatococcus mucilaginosus
STMUND,Streptococcus mundtii
STMUTA,Streptococcus mutans
STNA,Stenotrophomonas acidaminiphila
STOMA,Stomatococcus sp.
STOR,Streptococcus oralis
STOR2,Streptococcus oralis (2)
STOV,Streptococcus ovis
STPA,Streptococcus parasanguis
STPAN,Streptococcus parasanguinis
STPAN2,Streptococcus parasanguinis (2)
STPAS,Staphylococcus pasteuri
STPE,Staphylococcus pettenkoferi
STPI,Staphylococcus piscifermentans
STPL,Streptococcus pleomorphus
STPLUR,Streptococcus pluranimalium
STPN,Streptococcus pneumoniae
STPN2,Streptococcus pneumoniae (2)
STPO,Streptococcus porcinus
STPSPN,Streptococcus pseudopneumoniae
STRAFF,Streptococcus raffinolactis
STRATT,Streptococcus rattus
STREGA,Streptococcus gallinarum
STREP,Streptococcus sp.
STREP2,Streptococcus sp. (2)
STREPM,Streptomyces sp
STREPT,Streptosporangium sp.
Listing of,odes for 'Organisms'
Code,ion
STRIN,Streptococcus intermedius
STSACC,Staphylococcus saccharolyticus
STSAL2,Streptococcus salivarius (2)
STSALI,Streptococcus salivarius
STSAN1,Streptococcus sanguis 1
STSAN2,Streptococcus sanguis 2
STSANG,Streptococcus sanguis
STSAP2,Staphylococcus saprophyticus (2)
STSAPR,Staphylococcus saprophyticus
STSC,Staphylococcus sciuri
STSGN,Streptococcus sanguinis
STSGN2,Streptococcus sanguinis #2
STSI,Staphylococcus simulans
STSI2,Staphylococcus simulans (2)
STSOBR,Streptococcus sobrinus
STSOMA,Streptococcus somaliensis
STSU,Streptococcus suis
STSUC,Staphylococcus succinus
STTH,Streptococcus thermophilus
STUB,Streptococcus uberis
STUR,Streptococcus urinalis
STVE,Streptococcus vestibularis
STWA,Staphylococcus warneri
STWA2,Staphylococcus warneri #2
STXY,Staphylococcus xylosus
STZO,Streptococcus zooepidemicus
SUCCIM,Succinomonas sp.
SUCCIV,Succinivibrio sp.
SUWA,Sutterella wadsworthia
TAPT,Tatumella ptyseos
TATUM,Tatumella sp.
TODE,Torulaspora delbrueckii
TRAS,Trichosporon asahii
TRBE,Trichosporon beigelii
TRBER,Trueperella bernardiae
TRCA,Treponema carateum
TRCU,Trichosporon cutaneum
TRDE,Treponema denticola
TREPO,Treponema sp.
TRER,Trichophyton erinacei
TRHY,Treponema hyodysenteriae
TRICO,Trichosporon sp.
TRIN,Treponema innocens
TRINT,Trichophyton interdigitale
TRITE,Trichophton terrestre
TRMA,Treponema macrodentium
TRME,Trichophyton mentagrophytes
TRMU,Trichosporon mucoides
Listing of,odes for 'Organisms'
Code,ion
TROR,Treponema oralis
TRPA,Treponema pallidum
TRPARA,Treponema paraluiscuniculi
TRPE,Treponema pectinovorum
TRPH,Treponema phagedenis
TRRU,Trichophyton rubrum
TRSO,Treponema socranskii
TRSOU,Tricophyton soudanense
TRSP,Trichophyton sp.
TRTO,Trichophyton tonsurans
TRVE,Trichopyton verrucosum
TRVI,Trichophyton violaceum
TSUKA,Tsukamurella sp.
TUOT,Turicella otitidis
TV,Trichomonas vaginalis
UFF,Urethral and faecal flora
ULCH,Ulocladium chartarum
VAFL,Vagococcus fluvialis
VEAT,Veillonella atypica
VECA,Veillonella caviae
VECR,Veillonella criceti
VEDI,Veillonella dispar
VEILL,Veillonella sp.
VEPA,Veillonella parvula
VERA,Veillonella ratti
VERO,Veillonella rodentium
VIAL,Vibrio alginolyticus
VIAN,Vibrio anguillarum
VIBRI,Vibrio sp.
VICH,Vibrio cholera
VICHEL,Vibrio cholera El Tor
VICHN1,Vibrio cholera non-01
VICI,Vibrio cincinnatiensis
VIDA,Vibrio damsela
VIFL,Vibrio fluvialis
VIFU,Vibrio furnissii
VIHA,Vibrio harveyi
VIHO,Vibrio hollisae
VIME,Vibrio metschnikovii
VIMI,Vibrio mimicus
VINA,Vibrio natriegens
VIPA,Vibrio parahaemolyticus
VISP,Vibrio sputorum
VIVU,Vibrio vulnificus
VRE,Vancomycin Resistant Enterococci
VRE2,Vancomycin Resistant Enterococci (2)
WAFA,Wautersiella falsenii
WAPA,Wautersia paucula
Listing of,odes for 'Organisms'
Code,ion
WECO,Weissella confusa
WEEKS,Weeksella sp.
WEVI,Weeksella virosa
WIAN,Wickerhamomyces anomalus
WISA,Williopsis saturnus
WOCU,Wolinella curva
WOLIN,Wolinella sp.
WORE,Wolinella recta
WOSU,Wolinella succinogenes
WSNG,No growth
YEAST2,Yeasts (2)
YEAST3,Yeast #3
YEASTS,Yeasts
YEEN,Yersinia enterocolitica
YEEN2,Yersinia enterocolitica (2)
YEPE,Yersinia pestis
YEPS,Yersinia pseudotuberculosis
YERSI,Yersinia sp.
YERU,Yersinia ruckeri
YX2,Yeasts (two types)
ZZZ,Sample as per specimen type
End of lis,ges. With 1653 items listed
